,classification,mol_sentence
0,1,MolSentence with 39 words
1,1,MolSentence with 46 words
2,1,MolSentence with 52 words
3,1,MolSentence with 42 words
4,1,MolSentence with 58 words
5,1,MolSentence with 88 words
6,1,MolSentence with 76 words
7,1,MolSentence with 44 words
8,1,MolSentence with 58 words
9,1,MolSentence with 30 words
10,0,MolSentence with 54 words
11,1,MolSentence with 34 words
12,1,MolSentence with 6 words
13,1,MolSentence with 98 words
14,1,MolSentence with 46 words
15,1,MolSentence with 60 words
16,1,MolSentence with 68 words
17,1,MolSentence with 42 words
18,1,MolSentence with 66 words
19,1,MolSentence with 32 words
20,1,MolSentence with 12 words
21,1,MolSentence with 20 words
22,0,MolSentence with 64 words
23,1,MolSentence with 44 words
24,1,MolSentence with 54 words
25,0,MolSentence with 38 words
26,1,MolSentence with 46 words
27,1,MolSentence with 46 words
28,1,MolSentence with 34 words
29,1,MolSentence with 73 words
30,1,MolSentence with 32 words
31,1,MolSentence with 52 words
32,1,MolSentence with 52 words
33,1,MolSentence with 44 words
34,1,MolSentence with 50 words
35,1,MolSentence with 36 words
36,0,MolSentence with 30 words
37,1,MolSentence with 50 words
38,1,MolSentence with 36 words
39,0,MolSentence with 38 words
40,1,MolSentence with 46 words
41,1,MolSentence with 42 words
42,1,MolSentence with 30 words
43,1,MolSentence with 26 words
44,1,MolSentence with 50 words
45,1,MolSentence with 40 words
46,1,MolSentence with 48 words
47,1,MolSentence with 62 words
48,1,MolSentence with 22 words
49,1,MolSentence with 52 words
50,1,MolSentence with 48 words
51,1,MolSentence with 16 words
52,1,MolSentence with 32 words
53,1,MolSentence with 118 words
54,1,MolSentence with 48 words
55,1,MolSentence with 38 words
56,1,MolSentence with 58 words
57,0,MolSentence with 44 words
58,1,MolSentence with 20 words
60,1,MolSentence with 42 words
62,1,MolSentence with 120 words
63,1,MolSentence with 58 words
64,1,MolSentence with 66 words
65,1,MolSentence with 50 words
66,1,MolSentence with 42 words
67,1,MolSentence with 46 words
68,0,MolSentence with 52 words
69,1,MolSentence with 61 words
70,1,MolSentence with 38 words
71,1,MolSentence with 12 words
72,1,MolSentence with 20 words
73,1,MolSentence with 40 words
74,1,MolSentence with 40 words
75,0,MolSentence with 44 words
76,1,MolSentence with 58 words
77,1,MolSentence with 54 words
78,1,MolSentence with 44 words
79,1,MolSentence with 38 words
80,1,MolSentence with 36 words
81,0,MolSentence with 24 words
82,1,MolSentence with 28 words
83,1,MolSentence with 38 words
84,1,MolSentence with 38 words
85,1,MolSentence with 42 words
86,1,MolSentence with 72 words
87,1,MolSentence with 48 words
88,1,MolSentence with 42 words
89,1,MolSentence with 40 words
90,1,MolSentence with 58 words
91,1,MolSentence with 36 words
92,1,MolSentence with 18 words
93,1,MolSentence with 54 words
94,1,MolSentence with 12 words
95,1,MolSentence with 50 words
96,1,MolSentence with 56 words
97,1,MolSentence with 40 words
98,1,MolSentence with 62 words
99,1,MolSentence with 22 words
100,0,MolSentence with 26 words
101,0,MolSentence with 20 words
102,0,MolSentence with 50 words
103,0,MolSentence with 60 words
104,0,MolSentence with 62 words
105,0,MolSentence with 53 words
106,0,MolSentence with 48 words
107,0,MolSentence with 44 words
108,1,MolSentence with 86 words
109,1,MolSentence with 40 words
110,1,MolSentence with 50 words
111,1,MolSentence with 46 words
112,1,MolSentence with 44 words
113,1,MolSentence with 44 words
114,1,MolSentence with 26 words
115,1,MolSentence with 42 words
116,1,MolSentence with 22 words
117,0,MolSentence with 84 words
118,1,MolSentence with 40 words
119,1,MolSentence with 44 words
120,1,MolSentence with 17 words
121,1,MolSentence with 24 words
122,0,MolSentence with 59 words
123,0,MolSentence with 34 words
124,0,MolSentence with 80 words
125,0,MolSentence with 68 words
126,0,MolSentence with 42 words
127,0,MolSentence with 68 words
128,0,MolSentence with 56 words
129,0,MolSentence with 52 words
130,0,MolSentence with 32 words
131,0,MolSentence with 42 words
132,0,MolSentence with 59 words
133,0,MolSentence with 56 words
134,0,MolSentence with 38 words
135,1,MolSentence with 44 words
136,1,MolSentence with 44 words
137,1,MolSentence with 54 words
138,1,MolSentence with 36 words
139,1,MolSentence with 36 words
140,1,MolSentence with 30 words
141,1,MolSentence with 34 words
142,1,MolSentence with 26 words
143,1,MolSentence with 40 words
144,0,MolSentence with 24 words
145,0,MolSentence with 48 words
146,0,MolSentence with 56 words
147,1,MolSentence with 38 words
148,0,MolSentence with 48 words
149,0,MolSentence with 40 words
150,0,MolSentence with 34 words
151,0,MolSentence with 34 words
152,0,MolSentence with 66 words
153,0,MolSentence with 44 words
154,0,MolSentence with 32 words
155,0,MolSentence with 28 words
156,0,MolSentence with 50 words
157,0,MolSentence with 50 words
158,0,MolSentence with 52 words
159,1,MolSentence with 62 words
160,1,MolSentence with 68 words
161,1,MolSentence with 56 words
162,1,MolSentence with 54 words
163,1,MolSentence with 46 words
164,1,MolSentence with 46 words
165,1,MolSentence with 32 words
166,1,MolSentence with 34 words
167,1,MolSentence with 42 words
168,1,MolSentence with 40 words
169,1,MolSentence with 36 words
170,1,MolSentence with 152 words
171,0,MolSentence with 60 words
172,1,MolSentence with 46 words
173,1,MolSentence with 42 words
174,0,MolSentence with 54 words
175,0,MolSentence with 16 words
176,1,MolSentence with 60 words
177,1,MolSentence with 8 words
178,0,MolSentence with 22 words
179,0,MolSentence with 34 words
180,0,MolSentence with 58 words
181,0,MolSentence with 50 words
182,0,MolSentence with 44 words
183,0,MolSentence with 40 words
184,0,MolSentence with 108 words
185,0,MolSentence with 110 words
186,0,MolSentence with 60 words
187,1,MolSentence with 40 words
188,1,MolSentence with 48 words
189,1,MolSentence with 26 words
190,1,MolSentence with 40 words
191,1,MolSentence with 14 words
192,1,MolSentence with 50 words
193,1,MolSentence with 92 words
194,1,MolSentence with 88 words
195,1,MolSentence with 34 words
196,1,MolSentence with 60 words
197,0,MolSentence with 52 words
198,0,MolSentence with 26 words
199,0,MolSentence with 104 words
200,0,MolSentence with 200 words
201,0,MolSentence with 23 words
202,0,MolSentence with 48 words
203,0,MolSentence with 86 words
204,1,MolSentence with 68 words
205,0,MolSentence with 22 words
206,0,MolSentence with 78 words
207,0,MolSentence with 65 words
208,0,MolSentence with 43 words
209,0,MolSentence with 48 words
210,0,MolSentence with 80 words
211,0,MolSentence with 24 words
212,0,MolSentence with 26 words
213,0,MolSentence with 102 words
214,0,MolSentence with 40 words
215,1,MolSentence with 30 words
216,1,MolSentence with 42 words
217,1,MolSentence with 46 words
218,1,MolSentence with 46 words
219,1,MolSentence with 46 words
220,1,MolSentence with 54 words
221,1,MolSentence with 50 words
222,1,MolSentence with 60 words
223,1,MolSentence with 22 words
224,1,MolSentence with 52 words
225,1,MolSentence with 28 words
226,0,MolSentence with 48 words
227,1,MolSentence with 44 words
228,1,MolSentence with 65 words
229,1,MolSentence with 38 words
230,0,MolSentence with 53 words
231,0,MolSentence with 40 words
232,0,MolSentence with 38 words
233,0,MolSentence with 44 words
234,0,MolSentence with 44 words
235,0,MolSentence with 34 words
236,0,MolSentence with 60 words
237,0,MolSentence with 18 words
238,0,MolSentence with 42 words
239,0,MolSentence with 36 words
240,0,MolSentence with 47 words
241,1,MolSentence with 58 words
242,1,MolSentence with 48 words
243,1,MolSentence with 56 words
244,1,MolSentence with 44 words
245,1,MolSentence with 40 words
246,1,MolSentence with 44 words
247,1,MolSentence with 38 words
248,1,MolSentence with 34 words
249,1,MolSentence with 20 words
250,1,MolSentence with 38 words
251,0,MolSentence with 66 words
252,0,MolSentence with 58 words
253,0,MolSentence with 68 words
254,1,MolSentence with 14 words
255,1,MolSentence with 10 words
256,0,MolSentence with 49 words
257,0,MolSentence with 28 words
258,0,MolSentence with 28 words
259,0,MolSentence with 40 words
260,0,MolSentence with 24 words
261,0,MolSentence with 34 words
262,0,MolSentence with 52 words
263,0,MolSentence with 40 words
264,0,MolSentence with 30 words
265,0,MolSentence with 50 words
266,0,MolSentence with 54 words
267,0,MolSentence with 24 words
268,1,MolSentence with 40 words
269,1,MolSentence with 62 words
270,1,MolSentence with 44 words
271,1,MolSentence with 24 words
272,0,MolSentence with 98 words
273,0,MolSentence with 66 words
274,1,MolSentence with 38 words
275,0,MolSentence with 38 words
276,0,MolSentence with 24 words
277,0,MolSentence with 20 words
278,0,MolSentence with 30 words
279,0,MolSentence with 66 words
280,0,MolSentence with 72 words
281,0,MolSentence with 48 words
282,0,MolSentence with 28 words
283,0,MolSentence with 24 words
284,0,MolSentence with 66 words
285,0,MolSentence with 38 words
286,0,MolSentence with 36 words
287,0,MolSentence with 34 words
288,1,MolSentence with 28 words
289,0,MolSentence with 34 words
290,1,MolSentence with 38 words
291,1,MolSentence with 24 words
292,0,MolSentence with 64 words
293,1,MolSentence with 66 words
294,1,MolSentence with 36 words
295,0,MolSentence with 55 words
296,1,MolSentence with 18 words
297,1,MolSentence with 27 words
298,1,MolSentence with 34 words
299,0,MolSentence with 48 words
300,0,MolSentence with 38 words
301,0,MolSentence with 51 words
302,0,MolSentence with 42 words
303,0,MolSentence with 46 words
304,0,MolSentence with 46 words
305,0,MolSentence with 50 words
306,0,MolSentence with 66 words
307,0,MolSentence with 40 words
308,0,MolSentence with 30 words
309,0,MolSentence with 62 words
310,1,MolSentence with 50 words
311,0,MolSentence with 58 words
312,1,MolSentence with 40 words
313,1,MolSentence with 46 words
314,0,MolSentence with 100 words
315,0,MolSentence with 98 words
316,1,MolSentence with 24 words
317,0,MolSentence with 41 words
318,1,MolSentence with 36 words
319,1,MolSentence with 32 words
320,0,MolSentence with 80 words
321,1,MolSentence with 34 words
322,1,MolSentence with 36 words
323,0,MolSentence with 54 words
324,0,MolSentence with 50 words
325,0,MolSentence with 40 words
326,0,MolSentence with 60 words
327,0,MolSentence with 16 words
328,0,MolSentence with 44 words
329,0,MolSentence with 22 words
330,0,MolSentence with 44 words
331,0,MolSentence with 44 words
332,0,MolSentence with 44 words
333,1,MolSentence with 40 words
334,1,MolSentence with 40 words
335,1,MolSentence with 34 words
336,1,MolSentence with 38 words
337,1,MolSentence with 42 words
338,1,MolSentence with 40 words
339,1,MolSentence with 44 words
340,1,MolSentence with 40 words
341,0,MolSentence with 42 words
342,1,MolSentence with 34 words
343,1,MolSentence with 56 words
344,1,MolSentence with 52 words
345,1,MolSentence with 62 words
346,1,MolSentence with 30 words
347,1,MolSentence with 28 words
348,0,MolSentence with 130 words
349,1,MolSentence with 69 words
350,0,MolSentence with 68 words
351,0,MolSentence with 50 words
352,0,MolSentence with 46 words
353,0,MolSentence with 26 words
354,0,MolSentence with 32 words
355,0,MolSentence with 36 words
356,0,MolSentence with 48 words
357,0,MolSentence with 42 words
358,0,MolSentence with 46 words
359,0,MolSentence with 34 words
360,1,MolSentence with 60 words
361,1,MolSentence with 50 words
362,0,MolSentence with 56 words
363,1,MolSentence with 46 words
364,1,MolSentence with 74 words
365,1,MolSentence with 18 words
366,0,MolSentence with 30 words
367,1,MolSentence with 30 words
368,0,MolSentence with 15 words
369,0,MolSentence with 36 words
370,1,MolSentence with 92 words
371,1,MolSentence with 22 words
372,0,MolSentence with 202 words
373,0,MolSentence with 50 words
374,0,MolSentence with 52 words
375,0,MolSentence with 52 words
376,0,MolSentence with 38 words
377,0,MolSentence with 46 words
378,0,MolSentence with 38 words
379,0,MolSentence with 76 words
380,0,MolSentence with 68 words
381,0,MolSentence with 34 words
382,1,MolSentence with 40 words
383,1,MolSentence with 86 words
384,1,MolSentence with 48 words
385,1,MolSentence with 10 words
386,1,MolSentence with 12 words
387,1,MolSentence with 10 words
388,1,MolSentence with 12 words
389,1,MolSentence with 38 words
390,0,MolSentence with 56 words
392,0,MolSentence with 52 words
393,1,MolSentence with 40 words
394,0,MolSentence with 118 words
395,0,MolSentence with 20 words
396,0,MolSentence with 44 words
397,0,MolSentence with 58 words
398,0,MolSentence with 48 words
399,0,MolSentence with 56 words
400,0,MolSentence with 72 words
401,0,MolSentence with 44 words
402,0,MolSentence with 42 words
403,0,MolSentence with 64 words
404,1,MolSentence with 14 words
405,1,MolSentence with 12 words
406,1,MolSentence with 48 words
407,1,MolSentence with 34 words
408,0,MolSentence with 38 words
409,1,MolSentence with 12 words
410,1,MolSentence with 52 words
411,1,MolSentence with 52 words
412,1,MolSentence with 52 words
413,1,MolSentence with 52 words
414,1,MolSentence with 56 words
415,0,MolSentence with 52 words
416,1,MolSentence with 46 words
417,1,MolSentence with 54 words
418,1,MolSentence with 50 words
419,1,MolSentence with 52 words
420,0,MolSentence with 26 words
421,0,MolSentence with 22 words
422,0,MolSentence with 42 words
423,0,MolSentence with 36 words
424,0,MolSentence with 56 words
425,0,MolSentence with 38 words
426,0,MolSentence with 40 words
427,0,MolSentence with 156 words
428,0,MolSentence with 66 words
429,0,MolSentence with 46 words
430,1,MolSentence with 10 words
431,1,MolSentence with 6 words
432,1,MolSentence with 38 words
433,1,MolSentence with 6 words
434,1,MolSentence with 10 words
435,1,MolSentence with 10 words
436,1,MolSentence with 20 words
437,0,MolSentence with 52 words
438,1,MolSentence with 50 words
439,0,MolSentence with 74 words
440,0,MolSentence with 54 words
441,0,MolSentence with 48 words
442,0,MolSentence with 26 words
443,0,MolSentence with 30 words
444,0,MolSentence with 52 words
445,0,MolSentence with 38 words
446,1,MolSentence with 46 words
447,1,MolSentence with 58 words
448,1,MolSentence with 26 words
449,1,MolSentence with 30 words
450,1,MolSentence with 24 words
451,1,MolSentence with 42 words
452,1,MolSentence with 32 words
453,1,MolSentence with 20 words
454,1,MolSentence with 6 words
455,1,MolSentence with 16 words
456,1,MolSentence with 44 words
457,1,MolSentence with 46 words
458,1,MolSentence with 16 words
459,1,MolSentence with 14 words
460,1,MolSentence with 14 words
461,1,MolSentence with 12 words
462,1,MolSentence with 20 words
463,1,MolSentence with 22 words
464,1,MolSentence with 26 words
465,1,MolSentence with 28 words
466,1,MolSentence with 28 words
467,0,MolSentence with 26 words
468,1,MolSentence with 24 words
469,0,MolSentence with 58 words
470,1,MolSentence with 28 words
471,1,MolSentence with 40 words
472,1,MolSentence with 22 words
473,1,MolSentence with 48 words
474,1,MolSentence with 50 words
475,1,MolSentence with 56 words
476,1,MolSentence with 24 words
477,1,MolSentence with 58 words
478,1,MolSentence with 56 words
479,1,MolSentence with 46 words
480,1,MolSentence with 34 words
481,1,MolSentence with 90 words
482,1,MolSentence with 20 words
483,1,MolSentence with 38 words
484,1,MolSentence with 16 words
485,1,MolSentence with 12 words
486,1,MolSentence with 40 words
487,1,MolSentence with 38 words
488,1,MolSentence with 40 words
489,0,MolSentence with 52 words
490,0,MolSentence with 46 words
491,0,MolSentence with 52 words
492,1,MolSentence with 52 words
493,1,MolSentence with 52 words
494,1,MolSentence with 54 words
495,1,MolSentence with 38 words
496,1,MolSentence with 62 words
497,1,MolSentence with 30 words
498,1,MolSentence with 32 words
499,1,MolSentence with 28 words
500,1,MolSentence with 30 words
501,1,MolSentence with 28 words
502,1,MolSentence with 46 words
503,1,MolSentence with 26 words
504,1,MolSentence with 36 words
505,1,MolSentence with 48 words
506,1,MolSentence with 52 words
507,1,MolSentence with 26 words
508,1,MolSentence with 10 words
509,1,MolSentence with 8 words
510,1,MolSentence with 8 words
511,1,MolSentence with 56 words
512,1,MolSentence with 58 words
513,1,MolSentence with 54 words
514,0,MolSentence with 54 words
515,0,MolSentence with 58 words
516,0,MolSentence with 54 words
517,0,MolSentence with 54 words
518,0,MolSentence with 54 words
519,0,MolSentence with 56 words
520,0,MolSentence with 54 words
521,1,MolSentence with 60 words
522,1,MolSentence with 42 words
523,1,MolSentence with 32 words
524,1,MolSentence with 14 words
525,1,MolSentence with 42 words
526,1,MolSentence with 42 words
527,1,MolSentence with 42 words
528,1,MolSentence with 22 words
529,1,MolSentence with 14 words
530,1,MolSentence with 42 words
531,1,MolSentence with 44 words
532,1,MolSentence with 38 words
533,1,MolSentence with 40 words
534,1,MolSentence with 28 words
535,1,MolSentence with 54 words
536,1,MolSentence with 14 words
537,1,MolSentence with 26 words
538,0,MolSentence with 32 words
539,1,MolSentence with 14 words
540,1,MolSentence with 46 words
541,0,MolSentence with 56 words
542,0,MolSentence with 50 words
543,0,MolSentence with 56 words
544,0,MolSentence with 58 words
545,1,MolSentence with 46 words
546,1,MolSentence with 52 words
547,0,MolSentence with 46 words
548,1,MolSentence with 42 words
549,0,MolSentence with 50 words
550,0,MolSentence with 68 words
551,1,MolSentence with 44 words
552,1,MolSentence with 44 words
553,1,MolSentence with 54 words
554,1,MolSentence with 70 words
555,1,MolSentence with 44 words
556,1,MolSentence with 44 words
557,1,MolSentence with 40 words
558,1,MolSentence with 60 words
559,1,MolSentence with 12 words
560,1,MolSentence with 38 words
561,1,MolSentence with 10 words
562,1,MolSentence with 8 words
563,1,MolSentence with 20 words
564,1,MolSentence with 22 words
565,1,MolSentence with 16 words
566,0,MolSentence with 28 words
567,0,MolSentence with 24 words
568,1,MolSentence with 16 words
569,0,MolSentence with 54 words
570,0,MolSentence with 46 words
571,1,MolSentence with 46 words
572,1,MolSentence with 50 words
573,0,MolSentence with 46 words
574,0,MolSentence with 48 words
575,0,MolSentence with 46 words
576,1,MolSentence with 62 words
577,1,MolSentence with 84 words
578,1,MolSentence with 40 words
579,1,MolSentence with 40 words
580,1,MolSentence with 44 words
581,1,MolSentence with 42 words
582,1,MolSentence with 38 words
583,1,MolSentence with 38 words
584,1,MolSentence with 60 words
585,1,MolSentence with 28 words
586,1,MolSentence with 16 words
587,1,MolSentence with 16 words
588,1,MolSentence with 8 words
589,1,MolSentence with 38 words
590,1,MolSentence with 58 words
591,1,MolSentence with 46 words
592,0,MolSentence with 64 words
593,0,MolSentence with 70 words
594,1,MolSentence with 52 words
595,1,MolSentence with 56 words
596,0,MolSentence with 50 words
597,0,MolSentence with 34 words
598,1,MolSentence with 48 words
599,1,MolSentence with 52 words
600,0,MolSentence with 58 words
601,0,MolSentence with 54 words
602,1,MolSentence with 52 words
603,0,MolSentence with 54 words
604,1,MolSentence with 44 words
605,1,MolSentence with 56 words
606,1,MolSentence with 56 words
607,1,MolSentence with 22 words
608,1,MolSentence with 20 words
609,1,MolSentence with 42 words
610,1,MolSentence with 40 words
611,1,MolSentence with 42 words
612,1,MolSentence with 18 words
613,1,MolSentence with 24 words
615,1,MolSentence with 20 words
616,1,MolSentence with 22 words
617,1,MolSentence with 16 words
618,1,MolSentence with 40 words
619,1,MolSentence with 42 words
620,1,MolSentence with 54 words
621,1,MolSentence with 40 words
622,0,MolSentence with 54 words
623,1,MolSentence with 58 words
624,1,MolSentence with 70 words
625,0,MolSentence with 66 words
626,0,MolSentence with 70 words
627,0,MolSentence with 88 words
628,0,MolSentence with 82 words
629,0,MolSentence with 78 words
630,0,MolSentence with 68 words
631,0,MolSentence with 56 words
632,1,MolSentence with 20 words
633,1,MolSentence with 46 words
634,1,MolSentence with 60 words
635,1,MolSentence with 60 words
636,1,MolSentence with 54 words
637,1,MolSentence with 44 words
638,1,MolSentence with 32 words
639,1,MolSentence with 52 words
640,1,MolSentence with 30 words
641,1,MolSentence with 28 words
643,1,MolSentence with 38 words
644,1,MolSentence with 52 words
650,1,MolSentence with 47 words
651,1,MolSentence with 50 words
652,1,MolSentence with 30 words
653,0,MolSentence with 44 words
654,0,MolSentence with 70 words
655,1,MolSentence with 48 words
656,1,MolSentence with 54 words
657,1,MolSentence with 26 words
658,1,MolSentence with 66 words
659,1,MolSentence with 44 words
660,1,MolSentence with 30 words
661,1,MolSentence with 52 words
662,1,MolSentence with 42 words
663,1,MolSentence with 32 words
664,1,MolSentence with 28 words
665,1,MolSentence with 42 words
666,1,MolSentence with 52 words
667,1,MolSentence with 36 words
668,1,MolSentence with 48 words
669,1,MolSentence with 46 words
670,1,MolSentence with 54 words
671,0,MolSentence with 64 words
672,0,MolSentence with 56 words
673,0,MolSentence with 30 words
674,1,MolSentence with 26 words
675,1,MolSentence with 54 words
676,1,MolSentence with 38 words
677,1,MolSentence with 34 words
678,1,MolSentence with 42 words
679,1,MolSentence with 52 words
680,1,MolSentence with 34 words
681,1,MolSentence with 38 words
682,1,MolSentence with 38 words
683,1,MolSentence with 30 words
684,1,MolSentence with 50 words
686,1,MolSentence with 28 words
687,1,MolSentence with 42 words
688,1,MolSentence with 48 words
689,1,MolSentence with 32 words
690,1,MolSentence with 36 words
691,0,MolSentence with 24 words
692,1,MolSentence with 30 words
693,1,MolSentence with 52 words
694,1,MolSentence with 22 words
695,1,MolSentence with 38 words
696,1,MolSentence with 34 words
697,1,MolSentence with 44 words
698,1,MolSentence with 46 words
699,1,MolSentence with 14 words
700,1,MolSentence with 34 words
701,1,MolSentence with 26 words
702,1,MolSentence with 80 words
703,0,MolSentence with 22 words
704,1,MolSentence with 34 words
705,1,MolSentence with 26 words
706,0,MolSentence with 76 words
707,0,MolSentence with 64 words
708,1,MolSentence with 40 words
709,1,MolSentence with 38 words
710,0,MolSentence with 38 words
711,1,MolSentence with 62 words
712,1,MolSentence with 52 words
713,1,MolSentence with 42 words
714,1,MolSentence with 26 words
715,1,MolSentence with 48 words
716,1,MolSentence with 24 words
717,1,MolSentence with 42 words
718,1,MolSentence with 38 words
719,1,MolSentence with 40 words
720,1,MolSentence with 40 words
721,1,MolSentence with 40 words
722,0,MolSentence with 86 words
723,1,MolSentence with 32 words
724,0,MolSentence with 42 words
725,0,MolSentence with 54 words
726,0,MolSentence with 28 words
727,0,MolSentence with 116 words
728,0,MolSentence with 48 words
729,0,MolSentence with 26 words
730,0,MolSentence with 60 words
731,0,MolSentence with 43 words
732,0,MolSentence with 54 words
733,0,MolSentence with 60 words
734,0,MolSentence with 62 words
735,0,MolSentence with 72 words
736,0,MolSentence with 74 words
737,0,MolSentence with 90 words
738,0,MolSentence with 74 words
739,0,MolSentence with 76 words
740,0,MolSentence with 68 words
741,0,MolSentence with 56 words
742,0,MolSentence with 56 words
743,0,MolSentence with 60 words
744,0,MolSentence with 66 words
745,0,MolSentence with 36 words
746,0,MolSentence with 54 words
747,0,MolSentence with 100 words
748,0,MolSentence with 78 words
749,0,MolSentence with 38 words
750,0,MolSentence with 64 words
751,0,MolSentence with 70 words
752,0,MolSentence with 74 words
753,0,MolSentence with 60 words
754,0,MolSentence with 48 words
755,0,MolSentence with 50 words
756,0,MolSentence with 48 words
757,0,MolSentence with 54 words
758,0,MolSentence with 64 words
759,0,MolSentence with 62 words
760,0,MolSentence with 59 words
761,0,MolSentence with 66 words
762,0,MolSentence with 62 words
763,0,MolSentence with 88 words
764,0,MolSentence with 60 words
765,0,MolSentence with 54 words
766,0,MolSentence with 52 words
767,0,MolSentence with 66 words
768,0,MolSentence with 52 words
769,0,MolSentence with 52 words
770,0,MolSentence with 56 words
771,0,MolSentence with 58 words
772,0,MolSentence with 60 words
773,0,MolSentence with 66 words
774,0,MolSentence with 60 words
775,0,MolSentence with 66 words
776,0,MolSentence with 74 words
777,0,MolSentence with 70 words
778,0,MolSentence with 70 words
779,0,MolSentence with 72 words
780,0,MolSentence with 68 words
781,0,MolSentence with 66 words
782,0,MolSentence with 84 words
783,0,MolSentence with 57 words
784,0,MolSentence with 55 words
785,0,MolSentence with 58 words
786,0,MolSentence with 50 words
787,0,MolSentence with 58 words
788,0,MolSentence with 64 words
789,0,MolSentence with 56 words
790,0,MolSentence with 56 words
791,0,MolSentence with 68 words
792,0,MolSentence with 78 words
793,0,MolSentence with 62 words
794,0,MolSentence with 50 words
795,0,MolSentence with 58 words
796,0,MolSentence with 70 words
797,0,MolSentence with 78 words
798,0,MolSentence with 64 words
799,0,MolSentence with 47 words
800,0,MolSentence with 58 words
801,0,MolSentence with 56 words
802,0,MolSentence with 52 words
803,0,MolSentence with 60 words
804,0,MolSentence with 104 words
805,0,MolSentence with 54 words
806,0,MolSentence with 62 words
807,0,MolSentence with 54 words
808,0,MolSentence with 70 words
809,0,MolSentence with 46 words
810,0,MolSentence with 170 words
811,0,MolSentence with 180 words
812,0,MolSentence with 62 words
813,0,MolSentence with 96 words
814,0,MolSentence with 62 words
815,0,MolSentence with 60 words
816,0,MolSentence with 80 words
817,0,MolSentence with 86 words
818,0,MolSentence with 50 words
819,0,MolSentence with 112 words
820,0,MolSentence with 72 words
821,0,MolSentence with 116 words
822,0,MolSentence with 116 words
823,0,MolSentence with 162 words
824,0,MolSentence with 71 words
825,0,MolSentence with 48 words
826,0,MolSentence with 246 words
827,0,MolSentence with 76 words
828,0,MolSentence with 144 words
829,0,MolSentence with 26 words
830,0,MolSentence with 50 words
831,0,MolSentence with 60 words
832,0,MolSentence with 32 words
833,0,MolSentence with 74 words
834,0,MolSentence with 74 words
835,0,MolSentence with 67 words
836,0,MolSentence with 104 words
837,0,MolSentence with 38 words
838,0,MolSentence with 62 words
839,0,MolSentence with 58 words
840,0,MolSentence with 74 words
841,0,MolSentence with 66 words
842,0,MolSentence with 64 words
843,0,MolSentence with 164 words
844,0,MolSentence with 52 words
845,0,MolSentence with 90 words
846,0,MolSentence with 54 words
847,0,MolSentence with 22 words
848,0,MolSentence with 26 words
849,0,MolSentence with 26 words
850,0,MolSentence with 72 words
851,0,MolSentence with 41 words
852,0,MolSentence with 78 words
853,0,MolSentence with 52 words
854,0,MolSentence with 116 words
855,0,MolSentence with 64 words
856,0,MolSentence with 54 words
857,0,MolSentence with 94 words
858,0,MolSentence with 106 words
859,0,MolSentence with 54 words
860,0,MolSentence with 49 words
861,0,MolSentence with 60 words
862,0,MolSentence with 68 words
863,0,MolSentence with 44 words
864,0,MolSentence with 44 words
865,0,MolSentence with 74 words
866,0,MolSentence with 55 words
867,0,MolSentence with 50 words
868,0,MolSentence with 64 words
869,0,MolSentence with 28 words
870,0,MolSentence with 52 words
871,0,MolSentence with 72 words
872,0,MolSentence with 72 words
873,0,MolSentence with 114 words
874,0,MolSentence with 126 words
875,0,MolSentence with 56 words
876,0,MolSentence with 48 words
877,0,MolSentence with 72 words
878,0,MolSentence with 44 words
879,0,MolSentence with 66 words
880,0,MolSentence with 70 words
881,0,MolSentence with 50 words
882,0,MolSentence with 52 words
883,0,MolSentence with 66 words
884,0,MolSentence with 88 words
885,0,MolSentence with 96 words
886,0,MolSentence with 56 words
887,0,MolSentence with 48 words
888,0,MolSentence with 124 words
889,0,MolSentence with 84 words
890,0,MolSentence with 56 words
891,0,MolSentence with 47 words
892,0,MolSentence with 114 words
893,0,MolSentence with 50 words
894,0,MolSentence with 84 words
895,0,MolSentence with 90 words
896,0,MolSentence with 72 words
897,0,MolSentence with 101 words
898,0,MolSentence with 92 words
899,0,MolSentence with 64 words
900,0,MolSentence with 36 words
901,0,MolSentence with 60 words
902,0,MolSentence with 124 words
903,0,MolSentence with 50 words
904,0,MolSentence with 52 words
905,0,MolSentence with 76 words
906,0,MolSentence with 58 words
907,0,MolSentence with 122 words
908,0,MolSentence with 120 words
909,0,MolSentence with 114 words
910,0,MolSentence with 116 words
911,0,MolSentence with 118 words
912,0,MolSentence with 100 words
913,0,MolSentence with 126 words
914,0,MolSentence with 114 words
915,0,MolSentence with 39 words
916,0,MolSentence with 134 words
917,0,MolSentence with 78 words
918,0,MolSentence with 116 words
919,0,MolSentence with 40 words
920,0,MolSentence with 62 words
921,0,MolSentence with 60 words
922,0,MolSentence with 72 words
923,0,MolSentence with 62 words
924,0,MolSentence with 118 words
925,0,MolSentence with 54 words
926,0,MolSentence with 42 words
927,0,MolSentence with 78 words
928,0,MolSentence with 58 words
929,0,MolSentence with 114 words
930,0,MolSentence with 68 words
931,0,MolSentence with 40 words
932,0,MolSentence with 264 words
933,0,MolSentence with 54 words
934,0,MolSentence with 54 words
935,0,MolSentence with 48 words
936,0,MolSentence with 56 words
937,0,MolSentence with 72 words
938,0,MolSentence with 64 words
939,0,MolSentence with 40 words
940,0,MolSentence with 114 words
941,0,MolSentence with 52 words
942,0,MolSentence with 34 words
943,0,MolSentence with 110 words
944,0,MolSentence with 76 words
945,0,MolSentence with 44 words
946,0,MolSentence with 96 words
947,1,MolSentence with 16 words
948,1,MolSentence with 36 words
949,1,MolSentence with 52 words
950,1,MolSentence with 42 words
951,1,MolSentence with 66 words
952,1,MolSentence with 30 words
953,1,MolSentence with 66 words
954,1,MolSentence with 26 words
955,1,MolSentence with 58 words
956,1,MolSentence with 40 words
957,1,MolSentence with 26 words
958,1,MolSentence with 50 words
959,1,MolSentence with 54 words
960,1,MolSentence with 66 words
961,1,MolSentence with 52 words
962,1,MolSentence with 68 words
963,1,MolSentence with 62 words
964,1,MolSentence with 32 words
965,1,MolSentence with 50 words
966,1,MolSentence with 54 words
967,1,MolSentence with 34 words
968,1,MolSentence with 72 words
969,1,MolSentence with 42 words
970,1,MolSentence with 50 words
971,1,MolSentence with 48 words
972,1,MolSentence with 56 words
973,1,MolSentence with 20 words
974,1,MolSentence with 64 words
975,1,MolSentence with 22 words
976,1,MolSentence with 48 words
977,1,MolSentence with 66 words
978,1,MolSentence with 36 words
979,1,MolSentence with 30 words
980,1,MolSentence with 56 words
981,1,MolSentence with 40 words
982,1,MolSentence with 46 words
983,1,MolSentence with 52 words
984,1,MolSentence with 38 words
985,1,MolSentence with 66 words
986,1,MolSentence with 72 words
987,1,MolSentence with 72 words
988,1,MolSentence with 66 words
989,1,MolSentence with 36 words
990,1,MolSentence with 58 words
991,1,MolSentence with 38 words
992,1,MolSentence with 51 words
993,1,MolSentence with 50 words
994,1,MolSentence with 44 words
995,1,MolSentence with 38 words
996,1,MolSentence with 58 words
997,1,MolSentence with 28 words
998,1,MolSentence with 18 words
999,1,MolSentence with 12 words
1000,1,MolSentence with 52 words
1001,1,MolSentence with 32 words
1002,1,MolSentence with 66 words
1003,1,MolSentence with 56 words
1004,1,MolSentence with 30 words
1005,1,MolSentence with 60 words
1006,1,MolSentence with 24 words
1007,1,MolSentence with 26 words
1008,1,MolSentence with 44 words
1009,1,MolSentence with 44 words
1010,1,MolSentence with 44 words
1011,1,MolSentence with 60 words
1012,1,MolSentence with 56 words
1013,1,MolSentence with 38 words
1014,1,MolSentence with 42 words
1015,1,MolSentence with 40 words
1016,1,MolSentence with 48 words
1017,1,MolSentence with 28 words
1018,1,MolSentence with 28 words
1019,1,MolSentence with 56 words
1020,1,MolSentence with 56 words
1021,1,MolSentence with 56 words
1022,1,MolSentence with 26 words
1023,1,MolSentence with 44 words
1024,1,MolSentence with 26 words
1025,1,MolSentence with 56 words
1026,1,MolSentence with 48 words
1027,1,MolSentence with 22 words
1028,1,MolSentence with 62 words
1029,1,MolSentence with 46 words
1030,1,MolSentence with 42 words
1031,1,MolSentence with 70 words
1032,1,MolSentence with 46 words
1033,1,MolSentence with 49 words
1034,1,MolSentence with 16 words
1035,1,MolSentence with 48 words
1036,1,MolSentence with 68 words
1037,1,MolSentence with 72 words
1038,1,MolSentence with 68 words
1039,1,MolSentence with 52 words
1040,1,MolSentence with 32 words
1041,1,MolSentence with 34 words
1042,1,MolSentence with 58 words
1043,1,MolSentence with 108 words
1044,1,MolSentence with 30 words
1045,1,MolSentence with 54 words
1046,1,MolSentence with 46 words
1047,1,MolSentence with 28 words
1048,1,MolSentence with 22 words
1049,1,MolSentence with 8 words
1050,1,MolSentence with 24 words
1051,1,MolSentence with 28 words
1052,1,MolSentence with 44 words
1053,1,MolSentence with 34 words
1054,1,MolSentence with 30 words
1055,1,MolSentence with 56 words
1056,1,MolSentence with 58 words
1057,1,MolSentence with 30 words
1058,1,MolSentence with 48 words
1059,1,MolSentence with 66 words
1060,1,MolSentence with 52 words
1061,1,MolSentence with 52 words
1062,1,MolSentence with 22 words
1063,1,MolSentence with 38 words
1064,1,MolSentence with 48 words
1065,1,MolSentence with 38 words
1066,1,MolSentence with 46 words
1067,1,MolSentence with 26 words
1068,1,MolSentence with 34 words
1069,1,MolSentence with 30 words
1070,1,MolSentence with 50 words
1071,1,MolSentence with 60 words
1072,1,MolSentence with 26 words
1073,1,MolSentence with 22 words
1074,1,MolSentence with 46 words
1075,1,MolSentence with 122 words
1076,1,MolSentence with 66 words
1077,1,MolSentence with 18 words
1078,1,MolSentence with 40 words
1079,1,MolSentence with 58 words
1080,1,MolSentence with 34 words
1081,1,MolSentence with 28 words
1082,1,MolSentence with 34 words
1083,1,MolSentence with 8 words
1084,1,MolSentence with 28 words
1085,1,MolSentence with 78 words
1086,1,MolSentence with 54 words
1087,1,MolSentence with 78 words
1088,1,MolSentence with 42 words
1089,1,MolSentence with 18 words
1090,1,MolSentence with 22 words
1091,1,MolSentence with 50 words
1092,1,MolSentence with 48 words
1093,1,MolSentence with 50 words
1094,1,MolSentence with 50 words
1095,1,MolSentence with 74 words
1096,1,MolSentence with 46 words
1097,1,MolSentence with 52 words
1098,1,MolSentence with 28 words
1099,1,MolSentence with 56 words
1100,1,MolSentence with 66 words
1101,1,MolSentence with 68 words
1102,1,MolSentence with 56 words
1103,1,MolSentence with 62 words
1104,1,MolSentence with 68 words
1105,1,MolSentence with 46 words
1106,1,MolSentence with 42 words
1107,1,MolSentence with 60 words
1108,1,MolSentence with 54 words
1109,1,MolSentence with 56 words
1110,1,MolSentence with 54 words
1111,1,MolSentence with 28 words
1112,1,MolSentence with 34 words
1113,1,MolSentence with 54 words
1114,1,MolSentence with 46 words
1115,1,MolSentence with 42 words
1116,1,MolSentence with 68 words
1117,1,MolSentence with 60 words
1118,1,MolSentence with 46 words
1119,1,MolSentence with 54 words
1120,1,MolSentence with 60 words
1121,1,MolSentence with 50 words
1122,1,MolSentence with 58 words
1123,1,MolSentence with 96 words
1124,1,MolSentence with 78 words
1125,1,MolSentence with 26 words
1126,1,MolSentence with 44 words
1127,1,MolSentence with 36 words
1128,1,MolSentence with 32 words
1129,1,MolSentence with 54 words
1130,1,MolSentence with 32 words
1131,1,MolSentence with 34 words
1132,1,MolSentence with 42 words
1133,1,MolSentence with 46 words
1134,1,MolSentence with 42 words
1135,1,MolSentence with 36 words
1136,1,MolSentence with 62 words
1137,1,MolSentence with 32 words
1138,1,MolSentence with 46 words
1139,1,MolSentence with 30 words
1140,1,MolSentence with 40 words
1141,1,MolSentence with 40 words
1142,1,MolSentence with 48 words
1143,1,MolSentence with 40 words
1144,1,MolSentence with 40 words
1145,1,MolSentence with 46 words
1146,1,MolSentence with 50 words
1147,1,MolSentence with 30 words
1148,1,MolSentence with 54 words
1149,1,MolSentence with 60 words
1150,1,MolSentence with 54 words
1151,1,MolSentence with 28 words
1152,1,MolSentence with 76 words
1153,1,MolSentence with 28 words
1154,1,MolSentence with 28 words
1155,1,MolSentence with 46 words
1156,1,MolSentence with 54 words
1157,1,MolSentence with 60 words
1158,1,MolSentence with 40 words
1159,1,MolSentence with 60 words
1160,1,MolSentence with 82 words
1161,1,MolSentence with 66 words
1162,1,MolSentence with 56 words
1163,1,MolSentence with 68 words
1164,1,MolSentence with 44 words
1165,1,MolSentence with 18 words
1166,1,MolSentence with 36 words
1167,1,MolSentence with 24 words
1168,1,MolSentence with 20 words
1169,1,MolSentence with 40 words
1170,1,MolSentence with 44 words
1171,1,MolSentence with 62 words
1172,1,MolSentence with 44 words
1173,1,MolSentence with 34 words
1174,1,MolSentence with 62 words
1175,1,MolSentence with 58 words
1176,1,MolSentence with 46 words
1177,1,MolSentence with 56 words
1178,1,MolSentence with 48 words
1179,1,MolSentence with 42 words
1180,1,MolSentence with 72 words
1181,1,MolSentence with 40 words
1182,1,MolSentence with 42 words
1183,1,MolSentence with 26 words
1184,1,MolSentence with 28 words
1185,1,MolSentence with 44 words
1186,1,MolSentence with 54 words
1187,1,MolSentence with 56 words
1188,1,MolSentence with 32 words
1189,1,MolSentence with 42 words
1190,1,MolSentence with 62 words
1191,1,MolSentence with 32 words
1192,1,MolSentence with 42 words
1193,1,MolSentence with 42 words
1194,1,MolSentence with 50 words
1195,1,MolSentence with 40 words
1196,1,MolSentence with 52 words
1197,1,MolSentence with 44 words
1198,1,MolSentence with 44 words
1199,1,MolSentence with 40 words
1200,1,MolSentence with 40 words
1201,1,MolSentence with 40 words
1202,1,MolSentence with 40 words
1203,1,MolSentence with 6 words
1204,1,MolSentence with 3 words
1205,1,MolSentence with 26 words
1206,1,MolSentence with 30 words
1207,1,MolSentence with 44 words
1208,1,MolSentence with 24 words
1209,1,MolSentence with 52 words
1210,1,MolSentence with 74 words
1211,1,MolSentence with 52 words
1212,1,MolSentence with 60 words
1213,1,MolSentence with 38 words
1214,1,MolSentence with 46 words
1215,1,MolSentence with 42 words
1216,1,MolSentence with 40 words
1217,1,MolSentence with 28 words
1218,1,MolSentence with 58 words
1219,1,MolSentence with 34 words
1220,1,MolSentence with 46 words
1221,1,MolSentence with 54 words
1222,1,MolSentence with 54 words
1223,1,MolSentence with 32 words
1224,1,MolSentence with 42 words
1225,1,MolSentence with 40 words
1226,1,MolSentence with 32 words
1227,1,MolSentence with 30 words
1228,1,MolSentence with 28 words
1229,1,MolSentence with 36 words
1230,1,MolSentence with 30 words
1231,1,MolSentence with 30 words
1232,1,MolSentence with 40 words
1233,1,MolSentence with 54 words
1234,1,MolSentence with 30 words
1235,1,MolSentence with 42 words
1236,1,MolSentence with 54 words
1237,1,MolSentence with 66 words
1238,1,MolSentence with 42 words
1239,1,MolSentence with 58 words
1240,1,MolSentence with 64 words
1241,1,MolSentence with 54 words
1242,1,MolSentence with 60 words
1243,1,MolSentence with 46 words
1244,1,MolSentence with 70 words
1245,1,MolSentence with 70 words
1246,1,MolSentence with 64 words
1247,1,MolSentence with 68 words
1248,1,MolSentence with 24 words
1249,1,MolSentence with 60 words
1250,1,MolSentence with 50 words
1251,1,MolSentence with 44 words
1252,1,MolSentence with 76 words
1253,1,MolSentence with 62 words
1254,1,MolSentence with 44 words
1255,1,MolSentence with 70 words
1256,1,MolSentence with 52 words
1257,1,MolSentence with 44 words
1258,1,MolSentence with 60 words
1259,1,MolSentence with 68 words
1260,1,MolSentence with 58 words
1261,1,MolSentence with 38 words
1262,1,MolSentence with 66 words
1263,1,MolSentence with 60 words
1264,1,MolSentence with 60 words
1265,1,MolSentence with 38 words
1266,1,MolSentence with 64 words
1267,1,MolSentence with 78 words
1268,1,MolSentence with 48 words
1269,1,MolSentence with 38 words
1270,1,MolSentence with 16 words
1271,1,MolSentence with 50 words
1272,1,MolSentence with 58 words
1273,1,MolSentence with 62 words
1274,1,MolSentence with 62 words
1275,1,MolSentence with 52 words
1276,1,MolSentence with 20 words
1277,1,MolSentence with 48 words
1278,1,MolSentence with 60 words
1279,1,MolSentence with 44 words
1280,1,MolSentence with 54 words
1281,1,MolSentence with 46 words
1282,1,MolSentence with 46 words
1283,1,MolSentence with 62 words
1284,1,MolSentence with 56 words
1285,1,MolSentence with 58 words
1286,1,MolSentence with 74 words
1287,1,MolSentence with 58 words
1288,1,MolSentence with 46 words
1289,1,MolSentence with 42 words
1290,1,MolSentence with 56 words
1291,1,MolSentence with 66 words
1292,1,MolSentence with 32 words
1293,1,MolSentence with 68 words
1294,1,MolSentence with 66 words
1295,1,MolSentence with 67 words
1296,1,MolSentence with 64 words
1297,1,MolSentence with 70 words
1298,1,MolSentence with 44 words
1299,1,MolSentence with 46 words
1300,1,MolSentence with 20 words
1301,1,MolSentence with 52 words
1302,1,MolSentence with 32 words
1303,1,MolSentence with 38 words
1304,1,MolSentence with 62 words
1305,1,MolSentence with 66 words
1306,1,MolSentence with 36 words
1307,1,MolSentence with 44 words
1308,1,MolSentence with 40 words
1309,1,MolSentence with 34 words
1310,1,MolSentence with 50 words
1311,1,MolSentence with 40 words
1312,1,MolSentence with 32 words
1313,1,MolSentence with 40 words
1314,1,MolSentence with 58 words
1315,1,MolSentence with 34 words
1316,1,MolSentence with 54 words
1317,1,MolSentence with 60 words
1318,1,MolSentence with 80 words
1319,1,MolSentence with 46 words
1320,1,MolSentence with 42 words
1321,1,MolSentence with 52 words
1322,1,MolSentence with 36 words
1323,1,MolSentence with 44 words
1324,1,MolSentence with 54 words
1325,1,MolSentence with 60 words
1326,1,MolSentence with 50 words
1327,1,MolSentence with 42 words
1328,1,MolSentence with 38 words
1329,1,MolSentence with 60 words
1330,1,MolSentence with 62 words
1331,1,MolSentence with 32 words
1332,1,MolSentence with 42 words
1333,1,MolSentence with 66 words
1334,1,MolSentence with 54 words
1335,1,MolSentence with 44 words
1336,1,MolSentence with 58 words
1337,1,MolSentence with 40 words
1338,1,MolSentence with 53 words
1339,1,MolSentence with 34 words
1340,1,MolSentence with 64 words
1341,1,MolSentence with 46 words
1342,1,MolSentence with 56 words
1343,1,MolSentence with 40 words
1344,1,MolSentence with 64 words
1345,1,MolSentence with 20 words
1346,1,MolSentence with 32 words
1347,1,MolSentence with 46 words
1348,1,MolSentence with 22 words
1349,1,MolSentence with 56 words
1350,1,MolSentence with 50 words
1351,1,MolSentence with 42 words
1352,1,MolSentence with 44 words
1353,1,MolSentence with 38 words
1354,1,MolSentence with 26 words
1355,1,MolSentence with 32 words
1356,1,MolSentence with 46 words
1357,1,MolSentence with 46 words
1358,1,MolSentence with 50 words
1359,1,MolSentence with 22 words
1360,1,MolSentence with 28 words
1361,1,MolSentence with 36 words
1362,1,MolSentence with 28 words
1363,1,MolSentence with 36 words
1364,1,MolSentence with 42 words
1365,1,MolSentence with 44 words
1366,1,MolSentence with 68 words
1367,1,MolSentence with 46 words
1368,1,MolSentence with 82 words
1369,1,MolSentence with 60 words
1370,1,MolSentence with 44 words
1371,1,MolSentence with 62 words
1372,1,MolSentence with 48 words
1373,1,MolSentence with 38 words
1374,1,MolSentence with 56 words
1375,1,MolSentence with 48 words
1376,1,MolSentence with 36 words
1377,1,MolSentence with 50 words
1378,1,MolSentence with 44 words
1379,1,MolSentence with 20 words
1380,1,MolSentence with 22 words
1381,1,MolSentence with 44 words
1382,1,MolSentence with 58 words
1383,1,MolSentence with 58 words
1384,1,MolSentence with 36 words
1385,1,MolSentence with 38 words
1386,1,MolSentence with 56 words
1387,1,MolSentence with 42 words
1388,1,MolSentence with 42 words
1389,1,MolSentence with 68 words
1390,1,MolSentence with 48 words
1391,1,MolSentence with 34 words
1392,1,MolSentence with 46 words
1393,1,MolSentence with 86 words
1394,1,MolSentence with 78 words
1395,1,MolSentence with 54 words
1396,1,MolSentence with 36 words
1397,1,MolSentence with 69 words
1398,1,MolSentence with 52 words
1399,1,MolSentence with 50 words
1400,1,MolSentence with 52 words
1401,1,MolSentence with 33 words
1402,1,MolSentence with 32 words
1403,1,MolSentence with 34 words
1404,1,MolSentence with 68 words
1405,1,MolSentence with 36 words
1406,1,MolSentence with 58 words
1407,1,MolSentence with 44 words
1408,1,MolSentence with 52 words
1409,1,MolSentence with 78 words
1410,1,MolSentence with 74 words
1411,1,MolSentence with 28 words
1412,1,MolSentence with 18 words
1413,1,MolSentence with 26 words
1414,1,MolSentence with 44 words
1415,1,MolSentence with 38 words
1416,1,MolSentence with 40 words
1417,1,MolSentence with 34 words
1418,1,MolSentence with 64 words
1419,1,MolSentence with 36 words
1420,1,MolSentence with 36 words
1421,1,MolSentence with 38 words
1422,1,MolSentence with 12 words
1423,1,MolSentence with 36 words
1424,1,MolSentence with 40 words
1425,1,MolSentence with 38 words
1426,1,MolSentence with 60 words
1427,1,MolSentence with 44 words
1428,1,MolSentence with 48 words
1429,1,MolSentence with 62 words
1430,1,MolSentence with 46 words
1431,1,MolSentence with 20 words
1432,1,MolSentence with 42 words
1433,1,MolSentence with 68 words
1434,1,MolSentence with 38 words
1435,1,MolSentence with 38 words
1436,1,MolSentence with 38 words
1437,1,MolSentence with 22 words
1438,1,MolSentence with 54 words
1439,1,MolSentence with 32 words
1440,1,MolSentence with 44 words
1441,1,MolSentence with 58 words
1442,1,MolSentence with 50 words
1443,1,MolSentence with 62 words
1444,1,MolSentence with 48 words
1445,1,MolSentence with 58 words
1446,1,MolSentence with 18 words
1447,1,MolSentence with 62 words
1448,1,MolSentence with 24 words
1449,1,MolSentence with 48 words
1450,1,MolSentence with 68 words
1451,1,MolSentence with 72 words
1452,1,MolSentence with 28 words
1453,1,MolSentence with 54 words
1454,1,MolSentence with 28 words
1455,1,MolSentence with 42 words
1456,1,MolSentence with 44 words
1457,1,MolSentence with 60 words
1458,1,MolSentence with 54 words
1459,1,MolSentence with 66 words
1460,1,MolSentence with 26 words
1461,1,MolSentence with 48 words
1462,1,MolSentence with 30 words
1463,1,MolSentence with 26 words
1464,1,MolSentence with 24 words
1465,1,MolSentence with 28 words
1466,1,MolSentence with 32 words
1467,1,MolSentence with 38 words
1468,1,MolSentence with 38 words
1469,1,MolSentence with 42 words
1470,1,MolSentence with 36 words
1471,1,MolSentence with 38 words
1472,1,MolSentence with 48 words
1473,1,MolSentence with 58 words
1474,1,MolSentence with 50 words
1475,1,MolSentence with 44 words
1476,1,MolSentence with 98 words
1477,1,MolSentence with 36 words
1478,1,MolSentence with 20 words
1479,1,MolSentence with 38 words
1480,1,MolSentence with 52 words
1481,1,MolSentence with 64 words
1482,1,MolSentence with 36 words
1483,1,MolSentence with 26 words
1484,1,MolSentence with 52 words
1485,1,MolSentence with 38 words
1486,1,MolSentence with 44 words
1487,1,MolSentence with 70 words
1488,1,MolSentence with 68 words
1489,1,MolSentence with 98 words
1490,1,MolSentence with 66 words
1491,1,MolSentence with 54 words
1492,1,MolSentence with 22 words
1493,1,MolSentence with 60 words
1494,1,MolSentence with 42 words
1495,1,MolSentence with 32 words
1496,1,MolSentence with 26 words
1497,1,MolSentence with 50 words
1498,1,MolSentence with 46 words
1499,1,MolSentence with 32 words
1500,1,MolSentence with 26 words
1501,1,MolSentence with 38 words
1502,1,MolSentence with 6 words
1503,1,MolSentence with 44 words
1504,1,MolSentence with 26 words
1505,1,MolSentence with 56 words
1506,1,MolSentence with 40 words
1507,1,MolSentence with 32 words
1508,1,MolSentence with 44 words
1509,1,MolSentence with 34 words
1510,1,MolSentence with 38 words
1511,1,MolSentence with 30 words
1512,1,MolSentence with 48 words
1513,1,MolSentence with 54 words
1514,1,MolSentence with 56 words
1515,1,MolSentence with 54 words
1516,1,MolSentence with 46 words
1517,1,MolSentence with 26 words
1518,1,MolSentence with 50 words
1519,1,MolSentence with 40 words
1520,1,MolSentence with 54 words
1521,1,MolSentence with 52 words
1522,1,MolSentence with 44 words
1523,1,MolSentence with 46 words
1524,1,MolSentence with 64 words
1525,1,MolSentence with 48 words
1526,1,MolSentence with 54 words
1527,1,MolSentence with 40 words
1528,1,MolSentence with 36 words
1529,1,MolSentence with 46 words
1530,1,MolSentence with 46 words
1531,1,MolSentence with 32 words
1532,1,MolSentence with 66 words
1533,1,MolSentence with 36 words
1534,1,MolSentence with 40 words
1535,1,MolSentence with 52 words
1536,1,MolSentence with 28 words
1537,1,MolSentence with 38 words
1538,1,MolSentence with 50 words
1539,1,MolSentence with 28 words
1540,1,MolSentence with 40 words
1541,1,MolSentence with 20 words
1542,1,MolSentence with 38 words
1543,1,MolSentence with 48 words
1544,1,MolSentence with 48 words
1545,1,MolSentence with 56 words
1546,1,MolSentence with 28 words
1547,1,MolSentence with 50 words
1548,1,MolSentence with 62 words
1549,1,MolSentence with 40 words
1550,1,MolSentence with 55 words
1551,1,MolSentence with 38 words
1552,1,MolSentence with 40 words
1553,1,MolSentence with 60 words
1554,1,MolSentence with 34 words
1555,1,MolSentence with 58 words
1556,1,MolSentence with 56 words
1557,1,MolSentence with 56 words
1558,1,MolSentence with 58 words
1559,1,MolSentence with 46 words
1560,1,MolSentence with 60 words
1561,1,MolSentence with 34 words
1562,1,MolSentence with 48 words
1563,1,MolSentence with 34 words
1564,1,MolSentence with 26 words
1565,1,MolSentence with 44 words
1566,1,MolSentence with 36 words
1567,1,MolSentence with 48 words
1568,1,MolSentence with 44 words
1569,1,MolSentence with 48 words
1570,1,MolSentence with 68 words
1571,1,MolSentence with 62 words
1572,1,MolSentence with 30 words
1573,1,MolSentence with 40 words
1574,1,MolSentence with 44 words
1575,1,MolSentence with 44 words
1576,1,MolSentence with 40 words
1577,1,MolSentence with 60 words
1578,1,MolSentence with 36 words
1579,1,MolSentence with 30 words
1580,1,MolSentence with 64 words
1581,1,MolSentence with 54 words
1582,1,MolSentence with 42 words
1583,1,MolSentence with 82 words
1584,1,MolSentence with 42 words
1585,1,MolSentence with 62 words
1586,1,MolSentence with 38 words
1587,1,MolSentence with 58 words
1588,1,MolSentence with 62 words
1589,1,MolSentence with 24 words
1590,1,MolSentence with 38 words
1591,1,MolSentence with 50 words
1592,1,MolSentence with 34 words
1593,1,MolSentence with 46 words
1594,1,MolSentence with 32 words
1595,1,MolSentence with 38 words
1596,1,MolSentence with 50 words
1597,1,MolSentence with 36 words
1598,1,MolSentence with 34 words
1599,1,MolSentence with 46 words
1600,1,MolSentence with 60 words
1601,1,MolSentence with 60 words
1602,1,MolSentence with 30 words
1603,1,MolSentence with 50 words
1604,1,MolSentence with 58 words
1605,1,MolSentence with 36 words
1606,1,MolSentence with 30 words
1607,1,MolSentence with 42 words
1608,1,MolSentence with 44 words
1609,1,MolSentence with 56 words
1610,1,MolSentence with 28 words
1611,1,MolSentence with 62 words
1612,1,MolSentence with 32 words
1613,1,MolSentence with 50 words
1614,1,MolSentence with 64 words
1615,1,MolSentence with 62 words
1616,1,MolSentence with 54 words
1617,1,MolSentence with 56 words
1618,1,MolSentence with 52 words
1619,1,MolSentence with 52 words
1620,1,MolSentence with 64 words
1621,1,MolSentence with 38 words
1622,1,MolSentence with 56 words
1623,1,MolSentence with 50 words
1624,1,MolSentence with 42 words
1625,1,MolSentence with 36 words
1626,1,MolSentence with 64 words
1627,1,MolSentence with 52 words
1628,1,MolSentence with 44 words
1629,1,MolSentence with 44 words
1630,1,MolSentence with 64 words
1631,1,MolSentence with 40 words
1632,1,MolSentence with 28 words
1633,1,MolSentence with 70 words
1634,1,MolSentence with 90 words
1635,1,MolSentence with 84 words
1636,1,MolSentence with 12 words
1637,1,MolSentence with 46 words
1638,1,MolSentence with 48 words
1639,1,MolSentence with 20 words
1640,1,MolSentence with 64 words
1641,1,MolSentence with 54 words
1642,1,MolSentence with 46 words
1643,1,MolSentence with 44 words
1644,1,MolSentence with 30 words
1645,1,MolSentence with 48 words
1646,1,MolSentence with 74 words
1647,1,MolSentence with 12 words
1648,1,MolSentence with 46 words
1649,1,MolSentence with 26 words
1650,1,MolSentence with 50 words
1651,1,MolSentence with 36 words
1652,1,MolSentence with 60 words
1653,1,MolSentence with 32 words
1654,1,MolSentence with 40 words
1655,1,MolSentence with 52 words
1656,1,MolSentence with 18 words
1657,1,MolSentence with 34 words
1658,1,MolSentence with 10 words
1659,1,MolSentence with 62 words
1660,1,MolSentence with 56 words
1661,1,MolSentence with 56 words
1662,1,MolSentence with 50 words
1663,1,MolSentence with 30 words
1664,1,MolSentence with 42 words
1665,1,MolSentence with 62 words
1666,1,MolSentence with 42 words
1667,1,MolSentence with 56 words
1668,1,MolSentence with 42 words
1669,1,MolSentence with 58 words
1670,1,MolSentence with 34 words
1671,1,MolSentence with 54 words
1672,1,MolSentence with 44 words
1673,1,MolSentence with 32 words
1674,1,MolSentence with 46 words
1675,1,MolSentence with 50 words
1676,1,MolSentence with 28 words
1677,1,MolSentence with 56 words
1678,1,MolSentence with 24 words
1679,1,MolSentence with 50 words
1680,1,MolSentence with 42 words
1681,1,MolSentence with 64 words
1682,1,MolSentence with 38 words
1683,1,MolSentence with 54 words
1684,1,MolSentence with 70 words
1685,1,MolSentence with 44 words
1686,1,MolSentence with 46 words
1687,1,MolSentence with 48 words
1688,1,MolSentence with 34 words
1689,1,MolSentence with 46 words
1690,1,MolSentence with 60 words
1691,1,MolSentence with 44 words
1692,1,MolSentence with 52 words
1693,1,MolSentence with 54 words
1694,1,MolSentence with 48 words
1695,1,MolSentence with 62 words
1696,1,MolSentence with 46 words
1697,1,MolSentence with 42 words
1698,1,MolSentence with 46 words
1699,1,MolSentence with 72 words
1700,1,MolSentence with 48 words
1701,1,MolSentence with 44 words
1702,1,MolSentence with 36 words
1703,1,MolSentence with 50 words
1704,1,MolSentence with 34 words
1705,1,MolSentence with 38 words
1706,1,MolSentence with 36 words
1707,1,MolSentence with 40 words
1708,1,MolSentence with 46 words
1709,1,MolSentence with 72 words
1710,1,MolSentence with 62 words
1711,1,MolSentence with 72 words
1712,1,MolSentence with 42 words
1713,1,MolSentence with 44 words
1714,1,MolSentence with 32 words
1715,1,MolSentence with 60 words
1716,1,MolSentence with 36 words
1717,1,MolSentence with 30 words
1718,1,MolSentence with 40 words
1719,1,MolSentence with 40 words
1720,1,MolSentence with 74 words
1721,1,MolSentence with 62 words
1722,1,MolSentence with 44 words
1723,1,MolSentence with 46 words
1724,1,MolSentence with 56 words
1725,1,MolSentence with 32 words
1726,1,MolSentence with 32 words
1727,1,MolSentence with 44 words
1728,1,MolSentence with 30 words
1729,1,MolSentence with 24 words
1730,1,MolSentence with 24 words
1731,1,MolSentence with 58 words
1732,1,MolSentence with 66 words
1733,1,MolSentence with 44 words
1734,1,MolSentence with 34 words
1735,1,MolSentence with 42 words
1736,1,MolSentence with 12 words
1737,1,MolSentence with 60 words
1738,1,MolSentence with 86 words
1739,1,MolSentence with 32 words
1740,1,MolSentence with 42 words
1741,1,MolSentence with 28 words
1742,1,MolSentence with 46 words
1743,1,MolSentence with 42 words
1744,1,MolSentence with 40 words
1745,1,MolSentence with 42 words
1746,1,MolSentence with 54 words
1747,1,MolSentence with 54 words
1748,1,MolSentence with 58 words
1749,1,MolSentence with 58 words
1750,1,MolSentence with 28 words
1751,1,MolSentence with 34 words
1752,1,MolSentence with 56 words
1753,1,MolSentence with 48 words
1754,1,MolSentence with 36 words
1755,1,MolSentence with 44 words
1756,1,MolSentence with 40 words
1757,1,MolSentence with 46 words
1758,1,MolSentence with 56 words
1759,1,MolSentence with 64 words
1760,1,MolSentence with 38 words
1761,1,MolSentence with 42 words
1762,1,MolSentence with 44 words
1763,1,MolSentence with 46 words
1764,1,MolSentence with 38 words
1765,1,MolSentence with 46 words
1766,1,MolSentence with 54 words
1767,1,MolSentence with 66 words
1768,1,MolSentence with 34 words
1769,1,MolSentence with 46 words
1770,1,MolSentence with 32 words
1771,1,MolSentence with 24 words
1772,1,MolSentence with 48 words
1773,1,MolSentence with 38 words
1774,1,MolSentence with 42 words
1775,1,MolSentence with 38 words
1776,1,MolSentence with 44 words
1777,1,MolSentence with 46 words
1778,1,MolSentence with 52 words
1779,1,MolSentence with 38 words
1780,1,MolSentence with 56 words
1781,1,MolSentence with 64 words
1782,1,MolSentence with 40 words
1783,1,MolSentence with 40 words
1784,1,MolSentence with 42 words
1785,1,MolSentence with 44 words
1786,1,MolSentence with 42 words
1787,1,MolSentence with 20 words
1788,1,MolSentence with 40 words
1789,1,MolSentence with 52 words
1790,1,MolSentence with 58 words
1791,1,MolSentence with 38 words
1792,1,MolSentence with 36 words
1793,1,MolSentence with 36 words
1794,1,MolSentence with 58 words
1795,1,MolSentence with 44 words
1796,1,MolSentence with 30 words
1797,1,MolSentence with 36 words
1798,1,MolSentence with 42 words
1799,1,MolSentence with 42 words
1800,1,MolSentence with 46 words
1801,1,MolSentence with 70 words
1802,1,MolSentence with 72 words
1803,1,MolSentence with 38 words
1804,1,MolSentence with 44 words
1805,1,MolSentence with 56 words
1806,1,MolSentence with 44 words
1807,1,MolSentence with 50 words
1808,1,MolSentence with 40 words
1809,1,MolSentence with 44 words
1810,1,MolSentence with 48 words
1811,1,MolSentence with 36 words
1812,1,MolSentence with 54 words
1813,1,MolSentence with 62 words
1814,1,MolSentence with 56 words
1815,1,MolSentence with 42 words
1816,1,MolSentence with 44 words
1817,1,MolSentence with 38 words
1818,1,MolSentence with 34 words
1819,1,MolSentence with 46 words
1820,1,MolSentence with 30 words
1821,1,MolSentence with 50 words
1822,1,MolSentence with 46 words
1823,1,MolSentence with 22 words
1824,1,MolSentence with 28 words
1825,1,MolSentence with 28 words
1826,1,MolSentence with 24 words
1827,1,MolSentence with 46 words
1828,1,MolSentence with 48 words
1829,1,MolSentence with 52 words
1830,1,MolSentence with 36 words
1831,1,MolSentence with 52 words
1832,1,MolSentence with 42 words
1833,1,MolSentence with 58 words
1834,1,MolSentence with 70 words
1835,1,MolSentence with 125 words
1836,1,MolSentence with 68 words
1837,1,MolSentence with 58 words
1838,1,MolSentence with 64 words
1839,1,MolSentence with 64 words
1840,1,MolSentence with 54 words
1841,1,MolSentence with 54 words
1842,1,MolSentence with 46 words
1843,1,MolSentence with 62 words
1844,1,MolSentence with 56 words
1845,1,MolSentence with 54 words
1846,1,MolSentence with 66 words
1847,1,MolSentence with 42 words
1848,1,MolSentence with 62 words
1849,1,MolSentence with 60 words
1850,1,MolSentence with 48 words
1851,1,MolSentence with 34 words
1852,1,MolSentence with 42 words
1853,1,MolSentence with 36 words
1854,1,MolSentence with 28 words
1855,1,MolSentence with 48 words
1856,1,MolSentence with 60 words
1857,1,MolSentence with 36 words
1858,1,MolSentence with 46 words
1859,1,MolSentence with 44 words
1860,1,MolSentence with 62 words
1861,1,MolSentence with 58 words
1862,1,MolSentence with 70 words
1863,1,MolSentence with 62 words
1864,1,MolSentence with 42 words
1865,1,MolSentence with 38 words
1866,1,MolSentence with 72 words
1867,1,MolSentence with 32 words
1868,1,MolSentence with 34 words
1869,1,MolSentence with 44 words
1870,1,MolSentence with 42 words
1871,1,MolSentence with 26 words
1872,1,MolSentence with 46 words
1873,1,MolSentence with 54 words
1874,1,MolSentence with 44 words
1875,1,MolSentence with 44 words
1876,1,MolSentence with 46 words
1877,1,MolSentence with 28 words
1878,1,MolSentence with 46 words
1879,1,MolSentence with 44 words
1880,1,MolSentence with 64 words
1881,1,MolSentence with 36 words
1882,1,MolSentence with 50 words
1883,1,MolSentence with 40 words
1884,1,MolSentence with 44 words
1885,1,MolSentence with 32 words
1886,1,MolSentence with 42 words
1887,1,MolSentence with 42 words
1888,1,MolSentence with 78 words
1889,1,MolSentence with 38 words
1890,1,MolSentence with 50 words
1891,1,MolSentence with 44 words
1892,1,MolSentence with 32 words
1893,1,MolSentence with 36 words
1894,1,MolSentence with 42 words
1895,1,MolSentence with 54 words
1896,1,MolSentence with 46 words
1897,1,MolSentence with 26 words
1898,1,MolSentence with 36 words
1899,1,MolSentence with 32 words
1900,1,MolSentence with 34 words
1901,1,MolSentence with 32 words
1902,1,MolSentence with 46 words
1903,1,MolSentence with 32 words
1904,1,MolSentence with 46 words
1905,1,MolSentence with 30 words
1906,1,MolSentence with 54 words
1907,1,MolSentence with 60 words
1908,1,MolSentence with 68 words
1909,1,MolSentence with 48 words
1910,1,MolSentence with 34 words
1911,1,MolSentence with 40 words
1912,1,MolSentence with 46 words
1913,1,MolSentence with 58 words
1914,1,MolSentence with 60 words
1915,1,MolSentence with 38 words
1916,1,MolSentence with 60 words
1917,1,MolSentence with 56 words
1918,1,MolSentence with 26 words
1919,1,MolSentence with 28 words
1920,1,MolSentence with 40 words
1921,1,MolSentence with 44 words
1922,1,MolSentence with 50 words
1923,1,MolSentence with 42 words
1924,1,MolSentence with 34 words
1925,1,MolSentence with 30 words
1926,1,MolSentence with 38 words
1927,1,MolSentence with 54 words
1928,1,MolSentence with 46 words
1929,1,MolSentence with 60 words
1930,1,MolSentence with 42 words
1931,1,MolSentence with 42 words
1932,1,MolSentence with 44 words
1933,1,MolSentence with 54 words
1934,1,MolSentence with 54 words
1935,1,MolSentence with 44 words
1936,1,MolSentence with 54 words
1937,1,MolSentence with 18 words
1938,1,MolSentence with 46 words
1939,1,MolSentence with 46 words
1940,1,MolSentence with 46 words
1941,1,MolSentence with 56 words
1942,1,MolSentence with 50 words
1943,1,MolSentence with 22 words
1944,1,MolSentence with 22 words
1945,1,MolSentence with 56 words
1946,1,MolSentence with 24 words
1947,1,MolSentence with 30 words
1948,1,MolSentence with 36 words
1949,1,MolSentence with 34 words
1950,1,MolSentence with 20 words
1951,1,MolSentence with 52 words
1952,1,MolSentence with 54 words
1953,1,MolSentence with 40 words
1954,1,MolSentence with 34 words
1955,1,MolSentence with 28 words
1956,1,MolSentence with 28 words
1957,1,MolSentence with 21 words
1958,1,MolSentence with 22 words
1959,1,MolSentence with 52 words
1960,1,MolSentence with 42 words
1961,1,MolSentence with 54 words
1962,1,MolSentence with 44 words
1963,1,MolSentence with 64 words
1964,1,MolSentence with 40 words
1965,1,MolSentence with 44 words
1966,1,MolSentence with 42 words
1967,1,MolSentence with 42 words
1968,1,MolSentence with 58 words
1969,1,MolSentence with 67 words
1970,1,MolSentence with 64 words
1971,1,MolSentence with 38 words
1972,1,MolSentence with 60 words
1973,1,MolSentence with 72 words
1974,1,MolSentence with 36 words
1975,1,MolSentence with 40 words
1976,1,MolSentence with 38 words
1977,1,MolSentence with 48 words
1978,1,MolSentence with 40 words
1979,1,MolSentence with 24 words
1980,1,MolSentence with 36 words
1981,1,MolSentence with 46 words
1982,1,MolSentence with 38 words
1983,1,MolSentence with 40 words
1984,1,MolSentence with 46 words
1985,1,MolSentence with 44 words
1986,1,MolSentence with 54 words
1987,1,MolSentence with 52 words
1988,1,MolSentence with 32 words
1989,1,MolSentence with 16 words
1990,1,MolSentence with 42 words
1991,1,MolSentence with 20 words
1992,1,MolSentence with 56 words
1993,1,MolSentence with 34 words
1994,1,MolSentence with 58 words
1995,1,MolSentence with 42 words
1996,1,MolSentence with 56 words
1997,1,MolSentence with 46 words
1998,1,MolSentence with 48 words
1999,1,MolSentence with 56 words
2000,1,MolSentence with 40 words
2001,1,MolSentence with 28 words
2002,1,MolSentence with 46 words
2003,1,MolSentence with 38 words
2004,1,MolSentence with 44 words
2005,1,MolSentence with 32 words
2006,1,MolSentence with 46 words
2007,1,MolSentence with 56 words
2008,1,MolSentence with 40 words
2009,1,MolSentence with 34 words
2010,1,MolSentence with 44 words
2011,1,MolSentence with 66 words
2012,1,MolSentence with 40 words
2013,1,MolSentence with 40 words
2014,1,MolSentence with 30 words
2015,1,MolSentence with 56 words
2016,1,MolSentence with 34 words
2017,1,MolSentence with 30 words
2018,1,MolSentence with 38 words
2019,1,MolSentence with 46 words
2020,1,MolSentence with 44 words
2021,1,MolSentence with 62 words
2022,1,MolSentence with 68 words
2023,1,MolSentence with 76 words
2024,1,MolSentence with 28 words
2025,1,MolSentence with 48 words
2026,1,MolSentence with 50 words
2027,1,MolSentence with 56 words
2028,1,MolSentence with 20 words
2029,1,MolSentence with 56 words
2030,1,MolSentence with 44 words
2031,1,MolSentence with 58 words
2032,1,MolSentence with 22 words
2033,1,MolSentence with 20 words
2034,1,MolSentence with 42 words
2035,1,MolSentence with 20 words
2036,1,MolSentence with 32 words
2037,1,MolSentence with 32 words
2038,1,MolSentence with 46 words
2039,1,MolSentence with 38 words
2040,1,MolSentence with 46 words
2041,1,MolSentence with 38 words
2042,1,MolSentence with 42 words
2043,1,MolSentence with 38 words
2044,1,MolSentence with 6 words
2045,1,MolSentence with 34 words
2046,1,MolSentence with 54 words
2047,1,MolSentence with 48 words
2048,1,MolSentence with 56 words
2049,1,MolSentence with 42 words
